<?xml version="1.0" encoding="UTF-8"?>
<project-private xmlns="http://www.netbeans.org/ns/project-private/1">
    <data xmlns="http://www.netbeans.org/ns/make-project-private/1">
        <activeConfTypeElem>1</activeConfTypeElem>
        <activeConfIndexElem>0</activeConfIndexElem>
    </data>
    <editor-bookmarks xmlns="http://www.netbeans.org/ns/editor-bookmarks/2" lastBookmarkId="0"/>
    <open-files xmlns="http://www.netbeans.org/ns/projectui-open-files/2">
        <group name="WEEK 03">
            <file>file:/C:/Users/DAISY/Documents/SCHOOL/2024%2001%20WINTER/CSC-5-40414/WEEK%2003/Gaddis_9thEd_Chap4_Prob11_Books/main.cpp</file>
        </group>
    </open-files>
</project-private>
